primitive 0,primitive 1,primitive 2,primitive 3,primitive 4,primitive 5,primitive 6,primitive 7,primitive 8,primitive 9
952.6154174804688,1447.9407958984375,1449.40283203125,1391.6026611328125,1184.61572265625,362.2228698730469,784.7000732421875,1221.7431640625,1785.199462890625,705.8638916015625
