primitive 0,primitive 1,primitive 2,primitive 3,primitive 4,primitive 5,primitive 6,primitive 7,primitive 8,primitive 9
600.4785766601562,449.49169921875,762.7544555664062,507.4684143066406,599.4176635742188,917.52001953125,1421.0062255859375,886.5778198242188,1390.8873291015625,481.02264404296875
