primitive 0,primitive 1,primitive 2,primitive 3,primitive 4,primitive 5,primitive 6,primitive 7,primitive 8,primitive 9
972.25634765625,874.0963745117188,695.733154296875,875.1340942382812,48.102272033691406,789.0762939453125,756.0650024414062,765.073974609375,617.0187377929688,756.4854736328125
