primitive 0,primitive 1,primitive 2,primitive 3,primitive 4,primitive 5,primitive 6,primitive 7,primitive 8,primitive 9
962.7442626953125,655.1761474609375,754.7816162109375,720.0363159179688,624.7337646484375,814.4616088867188,835.01171875,701.7723388671875,523.614501953125,660.4373779296875
