primitive 0,primitive 1,primitive 2,primitive 3,primitive 4,primitive 5,primitive 6,primitive 7,primitive 8,primitive 9
554.246337890625,1145.5306396484375,695.6693115234375,185.78456115722656,1772.6097412109375,2540.47021484375,1805.687255859375,755.3058471679688,1464.436279296875,663.5949096679688
