primitive 0,primitive 1,primitive 2,primitive 3,primitive 4,primitive 5,primitive 6,primitive 7,primitive 8,primitive 9
505.99041748046875,830.9375,445.28411865234375,662.58837890625,662.0076293945312,572.587158203125,749.0306396484375,972.34814453125,800.01953125,771.825439453125
