primitive 0,primitive 1,primitive 2,primitive 3,primitive 4,primitive 5,primitive 6,primitive 7,primitive 8,primitive 9
642.1082153320312,535.4527587890625,434.57958984375,398.84259033203125,670.2489624023438,997.07958984375,844.1232299804688,467.5704650878906,318.51800537109375,751.1388549804688
