primitive 0,primitive 1,primitive 2,primitive 3,primitive 4,primitive 5,primitive 6,primitive 7,primitive 8,primitive 9
662.0289306640625,968.7120971679688,506.54193115234375,1223.0953369140625,854.3727416992188,870.8026123046875,1019.78271484375,950.3907470703125,1323.2828369140625,1121.0850830078125
