primitive 0,primitive 1,primitive 2,primitive 3,primitive 4,primitive 5,primitive 6,primitive 7,primitive 8,primitive 9
1071.573486328125,791.9156494140625,787.6260375976562,1372.9986572265625,834.9913940429688,723.0081787109375,688.0665283203125,1867.6002197265625,1614.188720703125,741.9124755859375
