primitive 0,primitive 1,primitive 2,primitive 3,primitive 4,primitive 5,primitive 6,primitive 7,primitive 8,primitive 9
403.8805847167969,978.9830322265625,741.1304931640625,861.9410400390625,782.7005615234375,767.133544921875,669.1595458984375,538.147705078125,98.11750793457031,915.6975708007812
