primitive 0,primitive 1,primitive 2,primitive 3,primitive 4,primitive 5,primitive 6,primitive 7,primitive 8,primitive 9
608.00048828125,112.42488861083984,584.1185302734375,395.5175476074219,156.23536682128906,196.99966430664062,171.01083374023438,70.20636749267578,338.6069641113281,214.4379119873047
