primitive 0,primitive 1,primitive 2,primitive 3,primitive 4,primitive 5,primitive 6,primitive 7,primitive 8,primitive 9
6.1386646100753435,-0.10940541590467474,1.0488090493889328,4.641520393999789,0.9133305588368895,-0.18295836993207454,5.360439945983795,-0.7837840179972907,-0.8366678724927363,1.1779739313320208
