primitive 0,primitive 1,primitive 2,primitive 3,primitive 4,primitive 5,primitive 6,primitive 7,primitive 8,primitive 9
0.017283144284521622,2.710178800323611,4.436125440561329,1.1462318601142845,-0.4320503795055979,1.8671396365238568,1.5682665250765784,-0.48789166590447486,1.0158170331153227,-0.13272348265376624
