primitive 0,primitive 1,primitive 2,primitive 3,primitive 4,primitive 5,primitive 6,primitive 7,primitive 8,primitive 9
1.1568314760236957,0.2575414369234871,3.4330155464722614,5.556565601834404,-1.3512501735205054,8.935605152134505,1.5459989674073396,-0.05494721664612379,0.3262344798741817,1.1206570533360487
