primitive 0,primitive 1,primitive 2,primitive 3,primitive 4,primitive 5,primitive 6,primitive 7,primitive 8,primitive 9
2.2391678809263977,1.7096084816933963,-0.07586185130755871,2.6444410161909735,1.0537785850919632,1.8122132032561455,-0.38225200057555175,1.518882063324904,0.9508143625913046,0.3420056809989841
