primitive 0,primitive 1,primitive 2,primitive 3,primitive 4,primitive 5,primitive 6,primitive 7,primitive 8,primitive 9
3227.723388671875,1267.43115234375,2729.170166015625,2352.925048828125,3325.932861328125,910.1043090820312,2248.791259765625,945.4168701171875,3156.384521484375,138.45404052734375
