primitive 0,primitive 1,primitive 2,primitive 3,primitive 4,primitive 5,primitive 6,primitive 7,primitive 8,primitive 9
1439.864990234375,1345.7862548828125,1240.801025390625,695.931640625,1309.46875,898.9610595703125,691.4934692382812,646.3853759765625,1042.2938232421875,711.52490234375
