primitive 0,primitive 1,primitive 2,primitive 3,primitive 4,primitive 5,primitive 6,primitive 7,primitive 8,primitive 9
1142.0833740234375,888.3154296875,607.4840087890625,611.1199951171875,390.02423095703125,482.4561462402344,403.95367431640625,369.31011962890625,1021.8463134765625,674.5550537109375
