primitive 0,primitive 1,primitive 2,primitive 3,primitive 4,primitive 5,primitive 6,primitive 7,primitive 8,primitive 9
201.2787322998047,380.8385925292969,487.78204345703125,226.62063598632812,266.7691650390625,193.27700805664062,187.43093872070312,274.30426025390625,215.51626586914062,222.80404663085938
