primitive 0,primitive 1,primitive 2,primitive 3,primitive 4,primitive 5,primitive 6,primitive 7,primitive 8,primitive 9
999.2548828125,998.87353515625,999.0480346679688,998.0933837890625,994.6788940429688,999.3125,999.2311401367188,998.85009765625,999.7467651367188,999.4708251953125
