primitive 0,primitive 1,primitive 2,primitive 3,primitive 4,primitive 5,primitive 6,primitive 7,primitive 8,primitive 9
110.49211120605469,1004.5491333007812,1003.3316650390625,2.501237392425537,1003.1921997070312,1005.26025390625,1004.9440307617188,1004.7288208007812,1002.4879760742188,1002.0096435546875
