primitive 0,primitive 1,primitive 2,primitive 3,primitive 4,primitive 5,primitive 6,primitive 7,primitive 8,primitive 9
13.974828724905185,161.26675534428412,1131.8918409180974,267.6067416381791,37.297451589306185,17.962656129589163,9.037295189554815,1004.5835462482403,1004.5367818590163,343.7271857358505
