primitive 0,primitive 1,primitive 2,primitive 3,primitive 4,primitive 5,primitive 6,primitive 7,primitive 8,primitive 9
1000.2729437557907,995.4882183204596,999.686710908338,36.65579708363852,13.10363036309964,999.2702400782188,984.0256792274271,70.93148795299018,10.208928736428618,40.44634605043977
