primitive 0,primitive 1,primitive 2,primitive 3,primitive 4,primitive 5,primitive 6,primitive 7,primitive 8,primitive 9
415.7922734603562,3036.508682263031,483.7986785792643,57.56263849110197,3113.572458568439,747.293495787985,83.28677606651522,2693.8645690755716,71.51919555554471,484.7205218870522
