primitive 0,primitive 1,primitive 2,primitive 3,primitive 4,primitive 5,primitive 6,primitive 7,primitive 8,primitive 9,primitive 10,primitive 11,primitive 12,primitive 13,primitive 14,primitive 15,primitive 16,primitive 17,primitive 18,primitive 19,primitive 20,primitive 21,primitive 22,primitive 23,primitive 24,primitive 25,primitive 26,primitive 27,primitive 28,primitive 29
996.6276596738455,999.572215283607,984.6954788361672,997.0747910300021,994.9590056886849,999.0331136669271,981.627129797962,998.8265530737644,991.7361030115237,999.4654997766987,999.331119356257,999.9012376719056,991.619932681406,998.994140255151,48.3950021038945,994.6807850814632,310.18695741622355,989.7424793758253,997.6897707495815,992.4609418558797,999.3937717686073,999.2894221718274,988.8546148257561,999.1187414443903,997.4645497343676,999.3402622446608,999.7807095426106,983.4398753777602,53.38505458859819,986.332295339363
