primitive 0,primitive 1,primitive 2,primitive 3,primitive 4,primitive 5,primitive 6,primitive 7,primitive 8,primitive 9
2900.2035271495743,1252.7225890277855,2539.4711437044307,2448.784932741336,1380.7867609804844,3359.2690246897064,3767.1607521012365,3432.527233280496,2484.0646197733436,2826.033213814524
