primitive 0,primitive 1,primitive 2,primitive 3,primitive 4,primitive 5,primitive 6,primitive 7,primitive 8,primitive 9
32.73389793320514,1005.1170411560113,43.10064142813078,1003.3606212978323,19.480998524294773,996.3352996648224,1003.6966363236606,999.8869477808088,1001.9130159206564,1003.696547557257
