primitive 0,primitive 1,primitive 2,primitive 3,primitive 4,primitive 5,primitive 6,primitive 7,primitive 8,primitive 9
995.7834156009391,9.401515578938838,993.0207825690422,81.36043404945062,959.3020173284749,949.4937611506703,1006.232315142486,539.325395431198,2336.1255877002527,1008.7413052014821
