primitive 0,primitive 1,primitive 2,primitive 3,primitive 4,primitive 5,primitive 6,primitive 7,primitive 8,primitive 9
491.2774963378906,970.3466796875,1338.900634765625,565.5452880859375,1172.8878173828125,1653.98046875,1265.044189453125,699.3196411132812,2001.871826171875,1145.960693359375
