primitive 0,primitive 1,primitive 2,primitive 3,primitive 4,primitive 5,primitive 6,primitive 7,primitive 8,primitive 9
1578.1949462890625,972.1363525390625,2101.32666015625,786.7412109375,1999.2164306640625,1786.792236328125,994.3995361328125,1895.1650390625,1676.134521484375,2366.97900390625
