primitive 0,primitive 1,primitive 2,primitive 3,primitive 4,primitive 5,primitive 6,primitive 7,primitive 8,primitive 9
1005.8206787109375,1004.1370849609375,1027.1258544921875,419.6770935058594,34.60527801513672,1003.1978759765625,1002.4412231445312,1011.9700317382812,1002.0283203125,1008.37109375
