primitive 0,primitive 1,primitive 2,primitive 3,primitive 4,primitive 5,primitive 6,primitive 7,primitive 8,primitive 9
655.4136962890625,1565.837646484375,1107.7542724609375,892.2176513671875,485.6934509277344,597.2998657226562,302.98834228515625,1614.0247802734375,611.9100341796875,1342.935302734375
