primitive 0,primitive 1,primitive 2,primitive 3,primitive 4,primitive 5,primitive 6,primitive 7,primitive 8,primitive 9
3.1605336353639375,0.5627548021960777,6.744481415175535,5.005364487569427,2.5583787576306998,-1.4188736799469803,0.7942541364387241,0.13453956121411914,1.7378248004201335,2.7070400511075876
