primitive 0,primitive 1,primitive 2,primitive 3,primitive 4,primitive 5,primitive 6,primitive 7,primitive 8,primitive 9
2441.642578125,2310.6162109375,762.2785034179688,1569.77587890625,578.2186279296875,2481.51611328125,2672.621337890625,2533.79833984375,2596.80322265625,2044.500732421875
