primitive 0,primitive 1,primitive 2,primitive 3,primitive 4,primitive 5,primitive 6,primitive 7,primitive 8,primitive 9
270.9937744140625,515.8619384765625,40.808677673339844,421.10980224609375,658.51513671875,2010.927001953125,367.41119384765625,590.3809814453125,475.9562072753906,35.47209930419922
