noise scale,primitive 0
0.0,1119.913330078125
0.1,1028.084228515625
0.2,983.8727416992188
0.3,998.0745239257812
0.4,914.6819458007812
0.5,850.3425903320312
0.6,1007.5296630859375
0.7,896.3101806640625
0.8,781.1524658203125
0.9,768.1842651367188
1.0,664.0155029296875
1.1,499.9283752441406
1.2,478.40411376953125
1.3,339.20843505859375
1.4,465.37646484375
1.5,380.70489501953125
