param scale,primitive 0
0.5,1361.462890625
0.6,1321.021728515625
0.7,1721.603515625
0.8,1310.312744140625
0.9,1607.887451171875
1.0,1333.849365234375
1.1,1220.5184326171875
1.2,1255.7705078125
1.3,1058.822509765625
1.4,1154.25830078125
1.5,1044.200927734375
1.6,630.904541015625
1.7,809.9694213867188
1.8,830.3356323242188
1.9,689.0494384765625
2.0,849.4822387695312
2.1,647.7630615234375
2.2,621.3804931640625
2.3,585.3504638671875
2.4,597.8659057617188
