param scale,primitive 0
0.5,1500.8050537109375
0.6,1411.05224609375
0.7,1562.099609375
0.8,1599.515380859375
0.9,1465.73486328125
1.0,1420.875
1.1,1566.9697265625
1.2,1473.3753662109375
1.3,1356.668212890625
1.4,1604.0123291015625
1.5,1620.3004150390625
1.6,1475.3082275390625
1.7,1470.552978515625
1.8,1404.40673828125
1.9,1348.3643798828125
2.0,1596.9483642578125
2.1,1516.8111572265625
2.2,1361.1248779296875
2.3,1434.551025390625
2.4,1214.393798828125
