param scale,primitive 0
0.5,980.3829956054688
0.6,1110.264892578125
0.7,1140.57568359375
0.8,1201.3292236328125
0.9,1012.8821411132812
1.0,987.3712768554688
1.1,856.0863037109375
1.2,855.7785034179688
1.3,850.1150512695312
1.4,778.3572387695312
1.5,913.4992065429688
1.6,800.8394775390625
1.7,624.5965576171875
1.8,693.1319580078125
1.9,722.5703125
2.0,636.44287109375
2.1,634.6226806640625
2.2,801.7459716796875
2.3,786.7581787109375
2.4,620.4025268554688
