param scale,primitive 0
0.5,2484.005859375
0.6,2503.81396484375
0.7,2393.53955078125
0.8,2429.78173828125
0.9,2486.234619140625
1.0,2492.06396484375
1.1,2458.260986328125
1.2,2368.01416015625
1.3,2206.3447265625
1.4,2115.851806640625
1.5,2274.99072265625
1.6,1773.423095703125
1.7,2051.926513671875
1.8,1699.361328125
1.9,1552.69287109375
2.0,1387.803466796875
2.1,1080.3634033203125
2.2,1138.8253173828125
2.3,1103.666259765625
2.4,1077.5469970703125
