noise scale,primitive 0
0.0,1597.4765625
0.1,1481.484619140625
0.2,1572.796875
0.3,1392.42724609375
0.4,1325.8358154296875
0.5,1060.3892822265625
0.6,1058.848388671875
0.7,761.731689453125
0.8,830.1184692382812
0.9,642.30810546875
1.0,567.2760620117188
1.1,559.3385009765625
1.2,382.1695861816406
1.3,357.9273986816406
1.4,376.5101013183594
1.5,338.04705810546875
