param scale,primitive 0
0.5,1412.9761962890625
0.6,1475.3084716796875
0.7,1472.418212890625
0.8,1412.5859375
0.9,1284.9686279296875
1.0,1455.37060546875
1.1,1451.070068359375
1.2,1106.4959716796875
1.3,1085.628662109375
1.4,1232.1219482421875
1.5,1336.770751953125
1.6,1085.190673828125
1.7,1130.2315673828125
1.8,934.05615234375
1.9,1199.654541015625
2.0,1122.5694580078125
2.1,849.4239501953125
2.2,1059.181396484375
2.3,965.0692138671875
2.4,815.649169921875
