param scale,primitive 0
0.5,1218.218505859375
0.6,1446.029296875
0.7,1337.4173583984375
0.8,1640.4208984375
0.9,1512.2130126953125
1.0,1524.982177734375
1.1,1462.6015625
1.2,1461.469482421875
1.3,1432.3341064453125
1.4,1328.4493408203125
1.5,1579.343505859375
1.6,1366.8399658203125
1.7,1323.037841796875
1.8,1407.834228515625
1.9,1243.208740234375
2.0,1389.534912109375
2.1,1409.875244140625
2.2,1460.8094482421875
2.3,1345.6878662109375
2.4,1331.680419921875
