noise scale,primitive 0
0.0,1523.42578125
0.1,1362.3173828125
0.2,1357.5626220703125
0.3,1047.89794921875
0.4,1167.702880859375
0.5,903.4462890625
0.6,910.4304809570312
0.7,774.5679931640625
0.8,764.4526977539062
0.9,680.2361450195312
1.0,777.2924194335938
1.1,593.02197265625
1.2,628.4290771484375
1.3,457.8740234375
1.4,487.97711181640625
1.5,379.2356872558594
