noise scale,primitive 0
0.0,2474.014892578125
0.1,2480.44775390625
0.2,2374.69091796875
0.3,2142.576171875
0.4,2088.948974609375
0.5,1791.7467041015625
0.6,1384.1973876953125
0.7,1452.0860595703125
0.8,1084.88720703125
0.9,714.5523071289062
1.0,417.26300048828125
1.1,365.8354187011719
1.2,186.33792114257812
1.3,145.95458984375
1.4,163.95498657226562
1.5,105.63773345947266
