noise scale,primitive 0
0.0,1454.483154296875
0.1,1544.4146728515625
0.2,1358.4910888671875
0.3,1511.861572265625
0.4,1222.9208984375
0.5,1135.143798828125
0.6,894.3609619140625
0.7,830.4596557617188
0.8,565.6432495117188
0.9,504.2120056152344
1.0,465.9256896972656
1.1,273.5904846191406
1.2,288.0196533203125
1.3,233.583251953125
1.4,198.51837158203125
1.5,190.1635284423828
