param scale,primitive 0
0.5,787.4338989257812
0.6,898.98974609375
0.7,858.0675048828125
0.8,984.4862060546875
0.9,979.5443115234375
1.0,965.9346923828125
1.1,1110.068603515625
1.2,961.5598754882812
1.3,1174.6912841796875
1.4,1104.3033447265625
1.5,1136.3466796875
1.6,1129.894775390625
1.7,1085.208984375
1.8,1311.370361328125
1.9,1093.261962890625
2.0,1000.9786376953125
2.1,1017.3082885742188
2.2,1149.434326171875
2.3,1202.6259765625
2.4,914.0888671875
