param scale,primitive 0
0.5,975.4908447265625
0.6,976.3860473632812
0.7,1249.90576171875
0.8,1234.983154296875
0.9,1399.798095703125
1.0,1258.411865234375
1.1,1609.6619873046875
1.2,1387.4295654296875
1.3,1263.365478515625
1.4,1286.575439453125
1.5,1476.797607421875
1.6,1235.807861328125
1.7,1388.552490234375
1.8,1401.987548828125
1.9,1419.987548828125
2.0,1145.213623046875
2.1,1571.648193359375
2.2,1381.865478515625
2.3,1478.6480712890625
2.4,1538.9588623046875
