param scale,primitive 0
0.5,1596.0469970703125
0.6,1665.135498046875
0.7,1730.0023193359375
0.8,1563.9278564453125
0.9,1658.0152587890625
1.0,1652.966552734375
1.1,1641.220703125
1.2,1582.906494140625
1.3,1371.1776123046875
1.4,1372.740234375
1.5,1327.6097412109375
1.6,1278.64306640625
1.7,1140.0609130859375
1.8,1239.17333984375
1.9,1227.3839111328125
2.0,1117.6219482421875
2.1,1145.514404296875
2.2,1051.6258544921875
2.3,906.7623901367188
2.4,890.66796875
