param scale,primitive 0
0.5,1477.158203125
0.6,1363.91943359375
0.7,1742.434326171875
0.8,1389.0594482421875
0.9,1546.5064697265625
1.0,1676.453369140625
1.1,1550.421875
1.2,1503.46728515625
1.3,1575.0869140625
1.4,1362.30859375
1.5,1521.83154296875
1.6,1488.23046875
1.7,1478.68359375
1.8,1459.501220703125
1.9,1672.7197265625
2.0,1649.659912109375
2.1,1591.0546875
2.2,1289.3619384765625
2.3,1519.71630859375
2.4,1447.8236083984375
